old_path	new_path
code/lean-discharge-m3a/a0check.gp	code/genus2-curves/quarter_values.gp
code/lean-discharge-m3a/axioms-concrete.lean	code/genus2-curves/twist_route_axioms.lean
code/lean-discharge-m3a/axioms-concrete.out	code/genus2-curves/twist_route_axioms.out
code/lean-discharge-m3a/axioms-wp3.lean	code/genus2-curves/genus2_assembly_axioms.lean
code/lean-discharge-m3a/dm3a_a_explore.gp	code/genus2-curves/bruin_data_explore.gp
code/lean-discharge-m3a/dm3a_a_explore.out	code/genus2-curves/bruin_data_explore.out
code/lean-discharge-m3a/dm3a_b_explore2.gp	code/genus2-curves/bruin_data_explore_bezout.gp
code/lean-discharge-m3a/dm3a_b_explore2.out	code/genus2-curves/bruin_data_explore_bezout.out
code/lean-discharge-m3a/dm3a_c_data.gp	code/genus2-curves/bruin_data.gp
code/lean-discharge-m3a/dm3a_c_data.out	code/genus2-curves/bruin_data.out
code/lean-discharge-m3a/dm3a_check.out	code/genus2-curves/bruin_data_check.out
code/lean-discharge-m3a/dm3a_check.sage	code/genus2-curves/bruin_data_check.sage
code/lean-discharge-m3a/lv_a_explore.gp	code/genus2-curves/local_facts_v_explore.gp
code/lean-discharge-m3a/lv_a_explore.out	code/genus2-curves/local_facts_v_explore.out
code/lean-discharge-m3a/lv_b_second.gp	code/genus2-curves/local_facts_v_second_order.gp
code/lean-discharge-m3a/lv_b_second.out	code/genus2-curves/local_facts_v_second_order.out
code/lean-discharge-m3a/lv_c_biquad.gp	code/genus2-curves/local_facts_v_biquadratic.gp
code/lean-discharge-m3a/lv_c_biquad.out	code/genus2-curves/local_facts_v_biquadratic.out
code/lean-discharge-m3a/lv_d_Ntest.gp	code/genus2-curves/local_facts_v_square_classes.gp
code/lean-discharge-m3a/lv_d_Ntest.out	code/genus2-curves/local_facts_v_square_classes.out
code/lean-discharge-m3a/lv_e_data.gp	code/genus2-curves/local_facts_v_data.gp
code/lean-discharge-m3a/lv_e_data.out	code/genus2-curves/local_facts_v_data.out
code/lean-discharge-m3a/lv_e_explore.gp	code/genus2-curves/local_facts_v_data_explore.gp
code/lean-discharge-m3a/lv_e_explore.out	code/genus2-curves/local_facts_v_data_explore.out
code/lean-discharge-m3a/quarter.gp	code/genus2-curves/quarter_parities.gp
code/lean-discharge-m3a/quarter_mats_check.gp	code/genus2-curves/quarter_mats_check.gp
code/lean-discharge-m3a/quarter_mats_check.out	code/genus2-curves/quarter_mats_check.out
code/lean-discharge-m3a/wp1/axioms.lean	code/genus2-curves/two_torsion_image_axioms.lean
code/lean-discharge-m3a/wp1/wp1_muT_local.gp	code/genus2-curves/two_torsion_image_v.gp
code/lean-discharge-m3a/wp1/wp1_muT_local.out	code/genus2-curves/two_torsion_image_v.out
code/lean-discharge-m3a/wp1/wp1_resultant.gp	code/genus2-curves/two_torsion_image_resultant.gp
code/lean-discharge-m3a/wp1/wp1_resultant.out	code/genus2-curves/two_torsion_image_resultant.out
code/lean-discharge-m3a/wp2_axioms.lean	code/genus2-curves/bruin_data_axioms.lean
code/lean-discharge-m3a/wp2_axioms.out	code/genus2-curves/bruin_data_axioms.out
code/lean-discharge-m3a/wp4/axioms-wp4.lean	code/genus2-curves/abel_prym_axioms.lean
code/lean-discharge-m3a/wp4/axioms-wp4.out	code/genus2-curves/abel_prym_axioms.out
code/lean-discharge-m3a/wp4/wp4_a_explore.gp	code/genus2-curves/abel_prym_explore.gp
code/lean-discharge-m3a/wp4/wp4_a_explore.out	code/genus2-curves/abel_prym_explore.out
code/lean-discharge-m3a/wp4/wp4_b_sizes.gp	code/genus2-curves/abel_prym_sizes.gp
code/lean-discharge-m3a/wp4/wp4_c_data.gp	code/genus2-curves/abel_prym_data.gp
code/lean-discharge-m3a/wp4/wp4_c_data.out	code/genus2-curves/abel_prym_data.out
code/lean-discharge-m3a/wp4/wp4_d_conics.gp	code/genus2-curves/conics_no_common_zero.gp
code/lean-discharge-m3a/wp4/wp4_d_conics.out	code/genus2-curves/conics_no_common_zero.out
code/lean-discharge-m3a/wp4/wp4_e_sage.out	code/genus2-curves/abel_prym_data_check.out
code/lean-discharge-m3a/wp4/wp4_e_sage.sage	code/genus2-curves/abel_prym_data_check.sage
code/lean-discharge-m3b/axioms.lean	code/selmer-global-bound/tower_axioms.lean
code/lean-discharge-m3b/axioms.out	code/selmer-global-bound/tower_axioms.out
code/lean-discharge-m3b/dm3b_0_explore.gp	code/selmer-global-bound/tower_data_explore.gp
code/lean-discharge-m3b/dm3b_1_k21.gp	code/selmer-global-bound/tower_field_data.gp
code/lean-discharge-m3b/dm3b_2_L.gp	code/selmer-global-bound/tower_extension_data.gp
code/lean-discharge-m3b/dm3b_3_real.gp	code/selmer-global-bound/real_root_isolation.gp
code/lean-discharge-m3b/dm3b_4_eps.gp	code/selmer-global-bound/eps_irreducibility.gp
code/lean-discharge-m3b/dm3b_5_dyadic.gp	code/selmer-global-bound/dyadic_map_data.gp
code/lean-discharge-m3b/dm3b_5_realcert.gp	code/selmer-global-bound/real_root_cert.gp
code/lean-discharge-m3b/lbuild.sh	code/selmer-global-bound/lean_build_tower.sh
code/lean-discharge-m3b/lcheck.sh	code/selmer-global-bound/lean_check_tower.sh
code/lean-discharge-m4cert/axioms.lean	code/covering/exclusion_axioms.lean
code/lean-discharge-m4cert/axioms.out	code/covering/exclusion_axioms.out
code/lean-discharge-m4cert/c1_kv.gp	code/covering/completion_kv_explore.gp
code/lean-discharge-m4cert/c2_excl.gp	code/covering/exclusion_data.gp
code/lean-discharge-m4cert/c3_gen_lean.gp	code/covering/embedding_kv_data.gp
code/lean-discharge-m4cert/c4_gen_res.gp	code/covering/exclusion_residues_data.gp
code/lean-discharge-m4cert/c4_gen_res.out	code/covering/exclusion_residues_data.out
code/lean-discharge-m4cert/c5_bruin_id.gp	code/covering/bruin_identity_on_curve.gp
code/lean-discharge-r7/concrete/r7c_base.gp	code/local-group/chart_base_points.gp
code/lean-discharge-r7/concrete/r7c_base.out	code/local-group/chart_base_points.out
code/lean-discharge-r7/concrete/r7c_lib.gp	code/local-group/chart_lib.gp
code/lean-final/lf_0_clean_build.out	code/formal-proof/clean_build.out
code/lean-final/lf_0_clean_build.sh	code/formal-proof/clean_build.sh
code/lean-final/lf_1_check.out	code/formal-proof/final_check.out
code/lean-final/lf_1_check.sh	code/formal-proof/final_check.sh
code/lean-final/lf_2_axioms.lean	code/formal-proof/main_axioms.lean
code/lean-final/lf_2_axioms.out	code/formal-proof/main_axioms.out
code/lean-final/lf_3_leaves.out	code/formal-proof/sorry_leaves.out
code/lean-final/lf_4_replay.sh	code/formal-proof/kernel_replay.sh
code/lean-final/lf_5_code_cited.txt	code/formal-proof/code_cited_in_lean.txt
code/lean-final/lf_5_commentonly.out	code/formal-proof/comment_only_check_lean.out
code/lean-final/lf_5_commentonly.sh	code/formal-proof/comment_only_check_lean.sh
code/lean-final/lf_5_docstrings.tsv	code/formal-proof/docstring_edits.tsv
code/lean-final/lf_5_elab.out	code/formal-proof/elaborate_files.out
code/lean-final/lf_5_elab.sh	code/formal-proof/elaborate_files.sh
code/lean-final/lf_5_leak_after.out	code/formal-proof/leak_check_lean.out
code/lean-final/lf_5_leak_after.sh	code/formal-proof/leak_check_lean.sh
code/lean-final/lf_5_used.lean	code/formal-proof/used_declarations.lean
code/lean-final/lf_5_used.out	code/formal-proof/used_declarations.out
code/lean-final/lf_6_comment_fixes.txt	code/formal-proof/restructure_comment_fixes.txt
code/lean-final/lf_6_fix.pl	code/formal-proof/restructure_comment_fix.pl
code/lean-final/lf_6_mathlib_ns.lean	code/formal-proof/mathlib_namespaces.lean
code/lean-final/lf_6_old_imports.txt	code/formal-proof/restructure_old_imports.txt
code/lean-final/lf_6_paths.out	code/formal-proof/comment_paths_check.out
code/lean-final/lf_6_paths.sh	code/formal-proof/comment_paths_check.sh
code/lean-final/lf_6_rename.pl	code/formal-proof/restructure_rename.pl
code/lean-final/lf_6_restructure_check.out	code/formal-proof/restructure_check.out
code/lean-final/lf_6_restructure_check.sh	code/formal-proof/restructure_check.sh
code/lean-final/lf_6_restructure.out	code/formal-proof/restructure.out
code/lean-final/lf_6_restructure.sh	code/formal-proof/restructure.sh
code/lean-final/lf_7a_commentonly.out	code/formal-proof/comment_only_check_selmer.out
code/lean-final/lf_7a_commentonly.sh	code/formal-proof/comment_only_check_selmer.sh
code/lean-final/lf_7a_regen.sh	code/formal-proof/regenerate_lean_data_selmer.sh
code/lean-final/lf_7a_regen.tsv	code/formal-proof/regenerate_lean_data_selmer.tsv
code/lean-final/lf_7b_commentonly_files.txt	code/formal-proof/comment_only_check_code_files.txt
code/lean-final/lf_7b_commentonly.out	code/formal-proof/comment_only_check_code.out
code/lean-final/lf_7b_commentonly_run.sh	code/formal-proof/comment_only_check_code_run.sh
code/lean-final/lf_7b_commentonly.sh	code/formal-proof/comment_only_check_code.sh
code/lean-final/lf_7b_regen.sh	code/formal-proof/regenerate_lean_data_code.sh
code/lean-final/lf_7b_regen.tsv	code/formal-proof/regenerate_lean_data_code.tsv
code/lean-final/lf_7_comment_edits.diff	code/formal-proof/code_comment_edits.diff
code/lean-final/lf_7_generators.txt	code/formal-proof/lean_data_generators.txt
code/lean-final/lf_7_lean_gen_no_output.txt	code/formal-proof/lean_generators_without_output.txt
code/lean-kv-arith/dprobe/kv_d1_probe.gp	code/local-group/di_values_probe.gp
code/lean-kv-arith/dprobe/kv_d1_probe.out	code/local-group/di_values_probe.out
code/lean-kv-arith/dprobe/kv_d2_data.lean	code/local-group/di_values_ball_data.lean
code/lean-kv-arith/dprobe/kv_d2_eval.lean.in	code/local-group/di_values_ball_eval.lean.in
code/lean-kv-arith/dprobe/kv_d2_eval_P1000.out	code/local-group/di_values_ball_eval_prec1000.out
code/lean-kv-arith/dprobe/kv_d2_eval_P600.out	code/local-group/di_values_ball_eval_prec600.out
code/lean-kv-arith/dprobe/kv_d2_eval_P700.out	code/local-group/di_values_ball_eval_prec700.out
code/lean-kv-arith/dprobe/kv_d2_eval_P800.out	code/local-group/di_values_ball_eval_prec800.out
code/lean-kv-arith/dprobe/kv_d2_export.gp	code/local-group/di_values_ball_export.gp
code/lean-kv-arith/dprobe/kv_d2_export.out	code/local-group/di_values_ball_export.out
code/lean-kv-arith/dprobe/kv_d2_head.lean.in	code/local-group/di_values_ball_head.lean.in
code/lean-kv-arith/dprobe/kv_d2_kernel_P600_k0_7.lean	code/local-group/di_values_ball_kernel_prec600_twist0_d7.lean
code/lean-kv-arith/dprobe/kv_d2_kernel_P600_k0_7.out	code/local-group/di_values_ball_kernel_prec600_twist0_d7.out
code/lean-kv-arith/dprobe/kv_d2_kernel_P600_k1_2.lean	code/local-group/di_values_ball_kernel_prec600_twist1_d2.lean
code/lean-kv-arith/dprobe/kv_d2_kernel_P600_k1_2.out	code/local-group/di_values_ball_kernel_prec600_twist1_d2.out
code/lean-kv-arith/dprobe/kv_d2_prog.lean	code/local-group/di_values_ball_prog.lean
code/lean-kv-arith/dprobe/kv_d2_run.sh	code/local-group/di_values_ball_run.sh
code/lean-kv-arith/dprobe/kv_dlib.gp	code/local-group/di_values_lib.gp
code/lean-kv-arith/k1_bench.lean	code/formal-proof/ball_arith_kernel_bench.lean
code/lean-kv-arith/k1_bench.out	code/formal-proof/ball_arith_kernel_bench.out
code/lean-kv-arith/k3_theta.gp	code/local-group/theta_high_precision.gp
code/lean-kv-arith/k3_theta.out	code/local-group/theta_high_precision.out
code/lean-m1/m1_a_analyse2.gp	code/descent/sieve_survivors_local_tests.gp
code/lean-m1/m1_axioms.lean	code/descent/descent_axioms.lean
code/lean-m1/m1_axioms.out	code/descent/descent_axioms.out
code/lean-m1/m1_b_detail.gp	code/descent/sieve_survivors_obstructions.gp
code/lean-m1/m1_b_detail.out	code/descent/sieve_survivors_obstructions.out
code/lean-m1/m1_bridge_m2.lean	code/descent/descent_class_number_bridge.lean
code/lean-m1/m1_c_field.gp	code/descent/field_basis_facts.gp
code/lean-m1/m1_d_polred.gp	code/descent/field_small_index_search.gp
code/lean-m1/m1_e_theta.gp	code/descent/field_two_power_index_search.gp
code/lean-m1/m1_f_linear.gp	code/descent/linear_sunits.gp
code/lean-m1/m1_g_units.gp	code/descent/small_units_search.gp
code/lean-m1/m1_h_sizes.gp	code/descent/unit_generator_sizes.gp
code/lean-m1/m1_i_sieve1.gp	code/descent/sieve_design_degree_one.gp
code/lean-m1/m1_j_certsizes.gp	code/descent/descent_cert_sizes.gp
code/lean-m1/m1_k_sieve2.gp	code/descent/sieve_design_residue_rings.gp
code/lean-m1/m1_l_data.bin	code/descent/descent_frozen_data.bin
code/lean-m1/m1_l_data.gp	code/descent/descent_frozen_data.gp
code/lean-m1/m1_l_data.out	code/descent/descent_frozen_data.out
code/lean-m1/m1_m_twoadic.gp	code/descent/two_adic_exclusion_w6.gp
code/lean-m1/m1_m_twoadic.out	code/descent/two_adic_exclusion_w6.out
code/lean-m1/m1_n_explore.gp	code/descent/descent_cert_explore.gp
code/lean-m1/m1_o_sieve1.gp	code/descent/sieve_design_zmodp.gp
code/lean-m1/m1_p_avoid.gp	code/descent/descent_avoid_data.gp
code/lean-m1/m1_p_bezout.gp	code/descent/descent_bezout_data.gp
code/lean-m1/m1_p_field.gp	code/descent/field_data.gp
code/lean-m1/m1_p_gens.gp	code/descent/sunit_generators_k.gp
code/lean-m1/m1_p_lib2.gp	code/descent/descent_search_lib.gp
code/lean-m1/m1_p_lib.gp	code/descent/descent_data_lib.gp
code/lean-m1/m1_q_sieve.gp	code/descent/sieve_design_run.gp
code/lean-m1/m1_r_bruin.gp	code/descent/descent_bruin_data.gp
code/lean-m1/m1_s_sieve.gp	code/descent/sieve_data.gp
code/lean-m1/m1_t_local.gp	code/descent/local_steps_design.gp
code/lean-m1/m1_u_z27.gp	code/descent/sieve_3adic_data.gp
code/lean-m1/m1_v_lc.gp	code/descent/sieve_2adic_data.gp
code/lean-m1/m1_v_lc_k.gp	code/descent/sieve_2adic_precisions.gp
code/lean-m1/m1_v_lc_prec.lean	code/descent/sieve_2adic_precision_measure.lean
code/lean-m1/m1_w_sqrt.gp	code/descent/sieve_sqrt_data.gp
code/lean-m1/m1_x_known.gp	code/descent/known_classes_sqrt_data.gp
code/lean-m1/m1_x_known_prec.lean	code/descent/known_classes_precision_measure.lean
code/lean-m2/axioms_zimmert.lean	code/field/zimmert_axioms.lean
code/lean-m2/axioms_zimmert.out	code/field/zimmert_axioms.out
code/lean-m2/gen/g0_bnf.gp	code/field/class_group_search.gp
code/lean-m2/gen/g1_field.gp	code/field/irreducibility_eisenstein7.gp
code/lean-m2/gen/g2_probe.gp	code/field/prime_generator_sizes.gp
code/lean-m2/gen/g3_global.gp	code/field/class_number_global_data.gp
code/lean-m2/gen/g4_bench.gp	code/field/class_number_bench.gp
code/lean-m2/gen/g4_primes.gp	code/field/class_number_prime_certs.gp
code/lean-m2/gen/g5_data.gp	code/field/class_number_primes.gp
code/lean-m2/gen/g5_rerun.out	code/field/class_number_primes_rerun.out
code/lean-m2/gen/g5_rerun.sh	code/field/class_number_primes_rerun.sh
code/lean-m2/gen/g6_special.gp	code/field/class_number_special_primes.gp
code/lean-m2/gen/g7_discr.gp	code/field/discriminant_bound.gp
code/lean-m2/gen/g7_discr.out	code/field/discriminant_bound.out
code/lean-m2/gen/k21_bnf.bin	code/field/field_bnf.bin
code/lean-m2/zimmert_num_check.gp	code/field/zimmert_num_check.gp
code/lean-m2/zimmert_num_check.out	code/field/zimmert_num_check.out
code/lean-m3a/m3a_1_leadcoef.gp	code/genus2-curves/ideal_class_model_check.gp
code/lean-m3a/m3a_1_leadcoef.out	code/genus2-curves/ideal_class_model_check.out
code/lean-m3b/lbuild.sh	code/selmer-global-bound/lean_build_chevalley.sh
code/lean-m3b/lcheck.sh	code/selmer-global-bound/lean_check_chevalley.sh
code/lean-m3b/m3b_1_symbols.gp	code/selmer-global-bound/chevalley_symbols_plan.gp
code/lean-m3b/m3b_1_symbols.out	code/selmer-global-bound/chevalley_symbols_plan.out
code/lean-m3b/m3b_2b_units.gp	code/selmer-global-bound/small_units_symbols.gp
code/lean-m3b/m3b_2b_units.out	code/selmer-global-bound/small_units_symbols.out
code/lean-m3b/m3b_2c_leastk.gp	code/selmer-global-bound/dyadic_least_precision.gp
code/lean-m3b/m3b_2c_leastk.out	code/selmer-global-bound/dyadic_least_precision.out
code/lean-m3b/m3b_2_dyadic.gp	code/selmer-global-bound/dyadic_nonnorm_search.gp
code/lean-m3b/m3b_2_dyadic.out	code/selmer-global-bound/dyadic_nonnorm_search.out
code/lean-m3b/m3b_3_cert.gp	code/selmer-global-bound/dyadic_nonnorm_cert.gp
code/lean-m3b/m3b_3_cert.out	code/selmer-global-bound/dyadic_nonnorm_cert.out
code/lean-m3b/m3b_4_kat.gp	code/selmer-global-bound/dyadic_nonnorm_kat.gp
code/lean-m3b/m3b_4_kat.out	code/selmer-global-bound/dyadic_nonnorm_kat.out
code/lean-m4/axioms.lean	code/covering/lattice_boxes_axioms.lean
code/lean-m4box/axioms_d9.lean	code/covering/box_certs_axioms.lean
code/lean-m4box/axioms_d9.out	code/covering/box_certs_axioms.out
code/lean-m4box/bcert/bc_gen.lean	code/covering/box_certs_gen.lean
code/lean-m4box/ccert/cc_gen.lean	code/covering/centre_certs_gen.lean
code/lean-m4box/ccert/cc_gen.out	code/covering/centre_certs_gen.out
code/lean-m4box/dcert/dc_gen.lean	code/local-group/di_value_certs_gen.lean
code/lean-m4box/dcert/dc_gen.out	code/local-group/di_value_certs_gen.out
code/lean-m4box/m4b_2_tm_count.out	code/covering/taylor_model_probe_count.out
code/lean-m4box/m4b_2_tm.gp	code/covering/taylor_model_probe.gp
code/lean-m4box/m4b_2_tm.out	code/covering/taylor_model_probe.out
code/lean-m4box/m4b_2_tm_scan.out	code/covering/taylor_model_probe_scan.out
code/lean-m4box/m4b_5_disc.gp	code/covering/disc_root_data.gp
code/lean-m4box/m4b_5_disc.out	code/covering/disc_root_data.out
code/lean-m4box/m4b_lib.gp	code/covering/centres_ball_lib.gp
code/lean-m4box/m4b_tmlib.gp	code/covering/taylor_model_lib.gp
code/lean-m4box/pcert/pc_gen.lean	code/local-group/known_lift_certs_gen.lean
code/lean-m4box/pcert/pc_gen.out	code/local-group/known_lift_certs_gen.out
code/lean-m4/data/centres_k0.gp	code/covering/data/centres_int_twist0.gp
code/lean-m4/data/centres_k1.gp	code/covering/data/centres_int_twist1.gp
code/lean-m4/data/lattice_k0.gp	code/covering/data/lattice_int_twist0.gp
code/lean-m4/data/lattice_k1.gp	code/covering/data/lattice_int_twist1.gp
code/lean-m4/data/latticeU_k0.gp	code/covering/data/lattice_unimodular_twist0.gp
code/lean-m4/data/latticeU_k1.gp	code/covering/data/lattice_unimodular_twist1.gp
code/lean-m4/data/tails_k0.gp	code/covering/data/tails_int_twist0.gp
code/lean-m4/data/tails_k1.gp	code/covering/data/tails_int_twist1.gp
code/lean-m4log/adm/m4l_7_hyp.gp	code/local-group/integral_model_hypotheses.gp
code/lean-m4log/adm/m4l_7_hyp.out	code/local-group/integral_model_hypotheses.out
code/lean-m4log/branch/m4l_6_branch.gp	code/covering/log_branch.gp
code/lean-m4log/branch/m4l_6_branch_lean.out	code/covering/log_branch_lean.out
code/lean-m4log/branch/m4l_6_branch_mw300.out	code/covering/log_branch_prec300.out
code/lean-m4log/branch/m4l_6_branch_mw400.out	code/covering/log_branch_prec400.out
code/lean-m4log/branch/m4l_6_branch_mw600.out	code/covering/log_branch_prec600.out
code/lean-m4log/branch/m4l_6_branch_mw700.out	code/covering/log_branch_prec700.out
code/lean-m4log/branch/m4l_6_branch_mw800.out	code/covering/log_branch_prec800.out
code/lean-m4log/branch/m4l_6_branch.out	code/covering/log_branch.out
code/lean-m4log/branch/m4l_6_branch_table.txt	code/covering/log_branch_table.txt
code/lean-m4log/intmodel/m4l_8_data.lean	code/local-group/integral_model_residues.lean
code/lean-m4log/intmodel/m4l_8_data.out	code/local-group/integral_model_residues.out
code/lean-m4/m4_export_centres.gp	code/covering/centres_export.gp
code/lean-m4/m4_export_lattice.gp	code/covering/lattice_export.gp
code/lean-m4/m4_export_tails.gp	code/covering/tails_export.gp
code/lean-m4/m4_gen_lean.gp	code/covering/lattice_boxes_data.gp
code/lean-m4/m4_smallU.gp	code/covering/lattice_small_unimodular.gp
code/lean-prior-art/impl2/ssb_1_field.out	code/second-implementations/descent-set/field_and_bruin_identity.out
code/lean-prior-art/impl2/ssb_1_field.sage	code/second-implementations/descent-set/field_and_bruin_identity.sage
code/lean-prior-art/impl2/ssb_2_det.out	code/second-implementations/descent-set/support_determinant.out
code/lean-prior-art/impl2/ssb_2_det.sage	code/second-implementations/descent-set/support_determinant.sage
code/lean-prior-art/impl2/ssb_2_S.sobj	code/second-implementations/descent-set/support_set.sobj
code/lean-prior-art/impl2/ssb_3_sunits.out	code/second-implementations/descent-set/sunits_basis.out
code/lean-prior-art/impl2/ssb_3_sunits.sage	code/second-implementations/descent-set/sunits_basis.sage
code/lean-prior-art/impl2/ssb_3_sunits.sobj	code/second-implementations/descent-set/sunits_basis.sobj
code/lean-prior-art/impl2/ssb_4_sieve.out	code/second-implementations/descent-set/good_prime_sieve.out
code/lean-prior-art/impl2/ssb_4_sieve.sage	code/second-implementations/descent-set/good_prime_sieve.sage
code/lean-prior-art/impl2/ssb_4_surv23.sobj	code/second-implementations/descent-set/sieve_survivors.sobj
code/lean-prior-art/impl2/ssb_5_final.sobj	code/second-implementations/descent-set/local_conditions_2_3.sobj
code/lean-prior-art/impl2/ssb_5_local.out	code/second-implementations/descent-set/local_conditions_2_3.out
code/lean-prior-art/impl2/ssb_5_local.sage	code/second-implementations/descent-set/local_conditions_2_3.sage
code/lean-prior-art/impl2/ssb_6_final.out	code/second-implementations/descent-set/final_classes.out
code/lean-prior-art/impl2/ssb_6_final.sage	code/second-implementations/descent-set/final_classes.sage
code/lean-prior-art/impl2/ssb_7_kat.out	code/second-implementations/descent-set/coverings_kat.out
code/lean-prior-art/impl2/ssb_7_kat.sage	code/second-implementations/descent-set/coverings_kat.sage
code/lean-prior-art/impl2/ssb_lib.sage	code/second-implementations/descent-set/descent_set_lib.sage
code/lean-prior-art-r7/r7_6_qf_norm_sq.lean	code/formal-proof/qf_norm_sq_probe.lean
code/lean-prior-art-r7/r7_6_qf_norm_sq.out	code/formal-proof/qf_norm_sq_probe.out
code/lean-prior-art/selset_2_sieve.gp	code/descent/descent_set_sieve_probe.gp
code/lean-prior-art/selset_2_sieve.out	code/descent/descent_set_sieve_probe.out
code/lean-prior-art/selset_2_sieve_p3000.out	code/descent/descent_set_sieve_probe_p3000.out
code/lean-prior-art/selset_4_bad.gp	code/descent/descent_set_bad_primes_probe.gp
code/lean-prior-art/selset_4_bad_indep.out	code/descent/descent_set_bad_primes_probe_indep.out
code/lean-prior-art/selset_4_bad.out	code/descent/descent_set_bad_primes_probe.out
code/lean-prior-art/selset_5_commonzero.gp	code/descent/descent_set_common_zero_probe.gp
code/lean-prior-art/selset_5_commonzero.out	code/descent/descent_set_common_zero_probe.out
code/lean-prior-art/selset_6_exact.gp	code/descent/descent_set_exact_probe.gp
code/lean-prior-art/selset_6_exact.out	code/descent/descent_set_exact_probe.out
code/lean-prior-art/selset_6_exact_p3.out	code/descent/descent_set_exact_probe_p3.out
code/lean-prior-art/selset_param_p3000.gp	code/descent/descent_set_sieve_params_p3000.gp
code/lean-selmer-span/axioms.lean	code/local-group/local_divisors_axioms.lean
code/lean-selmer-span/axioms.out	code/local-group/local_divisors_axioms.out
code/lean-selmer-span/ss_1_data_k0.bin	code/local-group/selmer_injectivity_places_twist0.bin
code/lean-selmer-span/ss_1_data_k1.bin	code/local-group/selmer_injectivity_places_twist1.bin
code/lean-selmer-span/ss_1_places.gp	code/local-group/selmer_injectivity_places.gp
code/lean-selmer-span/ss_2_dimX.gp	code/local-group/selmer_dim_subsets.gp
code/lean-selmer-span/ss_3_dinfo.gp	code/local-group/local_divisors_info.gp
code/lean-selmer-span/ss_3_dinfo.out	code/local-group/local_divisors_info.out
code/lean-selmer-span/ss_4_dcert.gp	code/local-group/local_divisors_explore.gp
code/lean-selmer-span/ss_5_bad.gp	code/local-group/local_divisors_bad_combination.gp
code/lean-selmer-span/ss_5_bad.out	code/local-group/local_divisors_bad_combination.out
code/lean-selmer-span/ss_6_local.gp	code/local-group/local_divisors_independence.gp
code/lean-selmer-span/ss_6_local.out	code/local-group/local_divisors_independence.out
code/lean-selmer-span/ss_7_ddata.gp	code/local-group/local_divisors_data.gp
code/lean-selmer-span/ss_7_ddata.out	code/local-group/local_divisors_data.out
code/lean-selmer-span/ss_8_indep.gp	code/local-group/local_divisors_indep_certs.gp
code/lean-selmer-span/ss_8_indep.out	code/local-group/local_divisors_indep_certs.out
code/lean-selmer-span/ss_kvlib.gp	code/local-group/completion_kv_lib.gp
code/lean-selmer-span/ss_leandata.gp	code/local-group/lean_data_reader.gp
code/lib/pball.gp	code/lib/pball.gp
code/lib/richelot.gp	code/lib/richelot.gp
code/lib/rust-base/Cargo.toml	code/lib/rust-base/Cargo.toml
code/lib/rust-base/src/abgroup.rs	code/lib/rust-base/src/abgroup.rs
code/lib/rust-base/src/ffpoly.rs	code/lib/rust-base/src/ffpoly.rs
code/lib/rust-base/src/ff.rs	code/lib/rust-base/src/ff.rs
code/lib/rust-base/src/jac_quartic.rs	code/lib/rust-base/src/jac_quartic.rs
code/lib/rust-base/src/lib.rs	code/lib/rust-base/src/lib.rs
code/lib/rust-base/src/plane_curve.rs	code/lib/rust-base/src/plane_curve.rs
code/lib/rust-base/src/zeta.rs	code/lib/rust-base/src/zeta.rs
code/lib/td2loc.gp	code/lib/td2loc.gp
code/mw-sieve/impl3/refutMW_4_torsion.gp	code/jacobian-over-q/jacobian_order_f3_f11.gp
code/mw-sieve/impl3/refutMW_4_torsion.out	code/jacobian-over-q/jacobian_order_f3_f11.out
code/mw-sieve/rust/Cargo.lock	code/jacobian-over-q/mw-sieve/Cargo.lock
code/mw-sieve/rust/Cargo.toml	code/jacobian-over-q/mw-sieve/Cargo.toml
code/mw-sieve/rust/jorder_C.txt	code/jacobian-over-q/mw-sieve/jorder_C.txt
code/mw-sieve/rust/mwsieve_p2000_all_firstfit.txt	code/jacobian-over-q/mw-sieve/mwsieve_p2000_all_firstfit.txt
code/mw-sieve/rust/src/bin/jorder.rs	code/jacobian-over-q/mw-sieve/src/bin/jorder.rs
code/mw-sieve/rust/src/bin/mwsieve.rs	code/jacobian-over-q/mw-sieve/src/bin/mwsieve.rs
code/mw-sieve/rust/src/lib.rs	code/jacobian-over-q/mw-sieve/src/lib.rs
code/prym-chabauty-proof/apm_lib.gp	code/earlier-computations/abel_prym_lib.gp
code/prym-chabauty-proof/contact/bitan_1.gp	code/earlier-computations/bitangents.gp
code/prym-chabauty-proof/contact/bitan_2_bruin.gp	code/earlier-computations/bruin_forms_numeric.gp
code/prym-chabauty-proof/contact/bitan_3_exact.gp	code/earlier-computations/bruin_forms_exact.gp
code/prym-chabauty-proof/contact/bitan_bruin_num.bin	code/earlier-computations/bruin_forms_numeric.bin
code/prym-chabauty-proof/contact/bruin14_raw.gp	code/earlier-computations/bruin_form_orbit14.gp
code/prym-chabauty-proof/contact/bruin21_raw.gp	code/earlier-computations/bruin_form_orbit21.gp
code/prym-chabauty-proof/contact/contact_1_system.gp	code/earlier-computations/contact_conics.gp
code/prym-chabauty-proof/contact/contact_P0.ms	code/earlier-computations/contact_conics_p0.ms
code/prym-chabauty-proof/contact/contact_P0.rur	code/earlier-computations/contact_conics_p0.rur
code/prym-chabauty-proof/impl10/s3apm.sage	code/second-implementations/local-group-covering/abel_prym.sage
code/prym-chabauty-proof/impl10/s3_centres_k0_P1000.txt	code/second-implementations/local-group-covering/centres_twist0_prec1000.txt
code/prym-chabauty-proof/impl10/s3_centres_k0_P400.txt	code/second-implementations/local-group-covering/centres_twist0_prec400.txt
code/prym-chabauty-proof/impl10/s3_centres_k1_P1000.txt	code/second-implementations/local-group-covering/centres_twist1_prec1000.txt
code/prym-chabauty-proof/impl10/s3_centres_k1_P400.txt	code/second-implementations/local-group-covering/centres_twist1_prec400.txt
code/prym-chabauty-proof/impl10/s3_centres_P1000.out	code/second-implementations/local-group-covering/centres_prec1000.out
code/prym-chabauty-proof/impl10/s3_centres_P1000.sobj	code/second-implementations/local-group-covering/centres_prec1000.sobj
code/prym-chabauty-proof/impl10/s3_centres_P400.out	code/second-implementations/local-group-covering/centres_prec400.out
code/prym-chabauty-proof/impl10/s3_centres_P400.sobj	code/second-implementations/local-group-covering/centres_prec400.sobj
code/prym-chabauty-proof/impl10/s3_centres.sage	code/second-implementations/local-group-covering/centres.sage
code/prym-chabauty-proof/impl10/s3_check_data.sage	code/second-implementations/local-group-covering/exact_data_check.sage
code/prym-chabauty-proof/impl10/s3_compare2.out	code/second-implementations/local-group-covering/compare_lattice_basis.out
code/prym-chabauty-proof/impl10/s3_compare2.sage	code/second-implementations/local-group-covering/compare_lattice_basis.sage
code/prym-chabauty-proof/impl10/s3_compare.out	code/second-implementations/local-group-covering/compare_certs.out
code/prym-chabauty-proof/impl10/s3_compare.sage	code/second-implementations/local-group-covering/compare_certs.sage
code/prym-chabauty-proof/impl10/s3data.sage	code/second-implementations/local-group-covering/exact_data.sage
code/prym-chabauty-proof/impl10/s3_kat_phi.out	code/second-implementations/local-group-covering/abel_prym_kat.out
code/prym-chabauty-proof/impl10/s3_kat_phi.sage	code/second-implementations/local-group-covering/abel_prym_kat.sage
code/prym-chabauty-proof/impl10/s3_kat_pullback.out	code/second-implementations/local-group-covering/pullback_kat.out
code/prym-chabauty-proof/impl10/s3_kat_pullback.sage	code/second-implementations/local-group-covering/pullback_kat.sage
code/prym-chabauty-proof/impl10/s3kv.sage	code/second-implementations/local-group-covering/completion_kv_eisenstein.sage
code/prym-chabauty-proof/impl10/s3_lattice.out	code/second-implementations/local-group-covering/lattice.out
code/prym-chabauty-proof/impl10/s3_lattice.sage	code/second-implementations/local-group-covering/lattice.sage
code/prym-chabauty-proof/impl10/s3_lattice.sobj	code/second-implementations/local-group-covering/lattice.sobj
code/prym-chabauty-proof/impl10/s3lib.sage	code/second-implementations/local-group-covering/loader.sage
code/prym-chabauty-proof/impl10/s3log.sage	code/second-implementations/local-group-covering/jacobian_log.sage
code/prym-chabauty-proof/impl10/s3_logs_P1000.out	code/second-implementations/local-group-covering/logs_prec1000.out
code/prym-chabauty-proof/impl10/s3_logs_P1000.sobj	code/second-implementations/local-group-covering/logs_prec1000.sobj
code/prym-chabauty-proof/impl10/s3_logs_P400.sobj	code/second-implementations/local-group-covering/logs_prec400.sobj
code/prym-chabauty-proof/impl10/s3_logs.sage	code/second-implementations/local-group-covering/logs.sage
code/prym-chabauty-proof/impl10/s3_prec_check.out	code/second-implementations/local-group-covering/precision_check.out
code/prym-chabauty-proof/impl10/s3_prec_check.sage	code/second-implementations/local-group-covering/precision_check.sage
code/prym-chabauty-proof/impl10/s3_vm_k0.txt	code/second-implementations/local-group-covering/box_bounds_twist0.txt
code/prym-chabauty-proof/impl10/s3_vm_k1.txt	code/second-implementations/local-group-covering/box_bounds_twist1.txt
code/prym-chabauty-proof/impl10/s3_vm.out	code/second-implementations/local-group-covering/box_bounds.out
code/prym-chabauty-proof/impl10/s3_vm.sage	code/second-implementations/local-group-covering/box_bounds.sage
code/prym-chabauty-proof/impl11/selmerX_check.out	code/second-implementations/selmer-space/selmer_space_check.out
code/prym-chabauty-proof/impl11/selmerX_check.sage	code/second-implementations/selmer-space/selmer_space_check.sage
code/prym-chabauty-proof/impl11/selmerX_export.gp	code/second-implementations/selmer-space/selmer_space_export.gp
code/prym-chabauty-proof/impl11/selX_G.txt	code/second-implementations/selmer-space/selmer_space_generators.txt
code/prym-chabauty-proof/impl11/selX_loc_k0.txt	code/second-implementations/selmer-space/selmer_space_local_twist0.txt
code/prym-chabauty-proof/impl11/selX_loc_k1.txt	code/second-implementations/selmer-space/selmer_space_local_twist1.txt
code/prym-chabauty-proof/impl11/sigma_check.out	code/second-implementations/selmer-space/sigma_check.out
code/prym-chabauty-proof/impl11/sigma_check.sage	code/second-implementations/selmer-space/sigma_check.sage
code/prym-chabauty-proof/impl11/sigma_export.gp	code/second-implementations/selmer-space/sigma_export.gp
code/prym-chabauty-proof/impl11/sigma_k0.txt	code/second-implementations/selmer-space/sigma_twist0.txt
code/prym-chabauty-proof/impl11/sigma_k1.txt	code/second-implementations/selmer-space/sigma_twist1.txt
code/prym-chabauty-proof/impl3/refutM5_10_data.sage	code/second-implementations/local-group-covering/exact_global_data.sage
code/prym-chabauty-proof/impl5/refutH1_1_zimmert.gp	code/second-implementations/class-number/zimmert_bounds.gp
code/prym-chabauty-proof/impl5/refutH1_1_zimmert.out	code/second-implementations/class-number/zimmert_bounds.out
code/prym-chabauty-proof/impl5/refutH1_2_cert.gp	code/second-implementations/class-number/class_number_zimmert_satz2.gp
code/prym-chabauty-proof/impl5/refutH1_2_cert.out	code/second-implementations/class-number/class_number_zimmert_satz2.out
code/prym-chabauty-proof/impl7/g2even.sage	code/second-implementations/local-group-covering/genus2_group_law.sage
code/prym-chabauty-proof/impl7/g2log.sage	code/second-implementations/local-group-covering/genus2_log.sage
code/prym-chabauty-proof/impl9/m9cert_s1_k0.out	code/second-implementations/padic-recheck/lattice_centres_padic_twist0.out
code/prym-chabauty-proof/impl9/m9cert_s1_k1.out	code/second-implementations/padic-recheck/lattice_centres_padic_twist1.out
code/prym-chabauty-proof/impl9/m9cert_s1.sage	code/second-implementations/padic-recheck/lattice_centres_padic.sage
code/prym-chabauty-proof/m9cert/centres_k0.txt	code/earlier-computations/data/centres_twist0.txt
code/prym-chabauty-proof/m9cert/centres_k1.txt	code/earlier-computations/data/centres_twist1.txt
code/prym-chabauty-proof/m9cert/lattice_k0.bin	code/earlier-computations/data/lattice_twist0.bin
code/prym-chabauty-proof/m9cert/lattice_k1.bin	code/earlier-computations/data/lattice_twist1.bin
code/prym-chabauty-proof/m9cert/rho_k0.bin	code/earlier-computations/data/selmer_image_v_twist0.bin
code/prym-chabauty-proof/m9cert/rho_k1.bin	code/earlier-computations/data/selmer_image_v_twist1.bin
code/prym-chabauty-proof/m9e/boxes_k0.txt	code/earlier-computations/data/boxes_twist0.txt
code/prym-chabauty-proof/m9e/boxes_k1.txt	code/earlier-computations/data/boxes_twist1.txt
code/prym-chabauty-proof/m9export/centres_pari_k0.txt	code/earlier-computations/export/centres_pari_twist0.txt
code/prym-chabauty-proof/m9export/centres_pari_k1.txt	code/earlier-computations/export/centres_pari_twist1.txt
code/prym-chabauty-proof/m9export/common.txt	code/earlier-computations/export/field_and_place.txt
code/prym-chabauty-proof/m9export/k0_c1.txt	code/earlier-computations/export/tiny_integral_c1_twist0.txt
code/prym-chabauty-proof/m9export/k0_D.txt	code/earlier-computations/export/local_divisors_twist0.txt
code/prym-chabauty-proof/m9export/k0_f.txt	code/earlier-computations/export/sextic_twist0.txt
code/prym-chabauty-proof/m9export/k0_phi.txt	code/earlier-computations/export/phi_known_twist0.txt
code/prym-chabauty-proof/m9export/k0_pts.txt	code/earlier-computations/export/sample_points_twist0.txt
code/prym-chabauty-proof/m9export/k0_sel.txt	code/earlier-computations/export/selmer_coords_twist0.txt
code/prym-chabauty-proof/m9export/k1_c1.txt	code/earlier-computations/export/tiny_integral_c1_twist1.txt
code/prym-chabauty-proof/m9export/k1_D.txt	code/earlier-computations/export/local_divisors_twist1.txt
code/prym-chabauty-proof/m9export/k1_f.txt	code/earlier-computations/export/sextic_twist1.txt
code/prym-chabauty-proof/m9export/k1_phi.txt	code/earlier-computations/export/phi_known_twist1.txt
code/prym-chabauty-proof/m9export/k1_pts.txt	code/earlier-computations/export/sample_points_twist1.txt
code/prym-chabauty-proof/m9export/k1_sel.txt	code/earlier-computations/export/selmer_coords_twist1.txt
code/prym-chabauty-proof/p21_10_logs.sobj	code/earlier-computations/logs_q23.sobj
code/prym-chabauty-proof/p21_11_vectors.out	code/earlier-computations/rank_bound_q23.out
code/prym-chabauty-proof/p21_11_vectors_p73.out	code/earlier-computations/rank_bound_q23_p73.out
code/prym-chabauty-proof/p21_11_vectors.sage	code/earlier-computations/rank_bound_q23.sage
code/prym-chabauty-proof/p21_16_grh_free.gp	code/earlier-computations/class_group_l42_two.gp
code/prym-chabauty-proof/p21_16_grh_free.out	code/earlier-computations/class_group_l42_two.out
code/prym-chabauty-proof/p21_17_k21_h1.gp	code/earlier-computations/class_number_minkowski.gp
code/prym-chabauty-proof/p21_17_k21_h1_v1_r0.out	code/earlier-computations/class_number_minkowski_first_range0.out
code/prym-chabauty-proof/p21_17_k21_h1_v1_r1.out	code/earlier-computations/class_number_minkowski_first_range1.out
code/prym-chabauty-proof/p21_17_k21_h1_v1_r2.out	code/earlier-computations/class_number_minkowski_first_range2.out
code/prym-chabauty-proof/p21_17_k21_h1_v1_r3.out	code/earlier-computations/class_number_minkowski_first_range3.out
code/prym-chabauty-proof/p21_17_k21_h1_v1_r4.out	code/earlier-computations/class_number_minkowski_first_range4.out
code/prym-chabauty-proof/p21_17_k21_h1_v1_r5.out	code/earlier-computations/class_number_minkowski_first_range5.out
code/prym-chabauty-proof/p21_17_k21_h1_v1_r6.out	code/earlier-computations/class_number_minkowski_first_range6.out
code/prym-chabauty-proof/p21_17_k21_h1_v1_r7.out	code/earlier-computations/class_number_minkowski_first_range7.out
code/prym-chabauty-proof/p21_17_k21_h1_v1_r8.out	code/earlier-computations/class_number_minkowski_first_range8.out
code/prym-chabauty-proof/p21_17_k21_h1_v1_r9.out	code/earlier-computations/class_number_minkowski_first_range9.out
code/prym-chabauty-proof/p21_17_k21_h1_v2_r0.out	code/earlier-computations/class_number_minkowski_range0.out
code/prym-chabauty-proof/p21_17_k21_h1_v2_r1.out	code/earlier-computations/class_number_minkowski_range1.out
code/prym-chabauty-proof/p21_17_k21_h1_v2_r2.out	code/earlier-computations/class_number_minkowski_range2.out
code/prym-chabauty-proof/p21_17_k21_h1_v2_r3.out	code/earlier-computations/class_number_minkowski_range3.out
code/prym-chabauty-proof/p21_17_k21_h1_v2_r4.out	code/earlier-computations/class_number_minkowski_range4.out
code/prym-chabauty-proof/p21_17_k21_h1_v2_r5.out	code/earlier-computations/class_number_minkowski_range5.out
code/prym-chabauty-proof/p21_17_k21_h1_v2_r6.out	code/earlier-computations/class_number_minkowski_range6.out
code/prym-chabauty-proof/p21_17_k21_h1_v2_r7.out	code/earlier-computations/class_number_minkowski_range7.out
code/prym-chabauty-proof/p21_17_run.sh	code/earlier-computations/class_number_minkowski_run.sh
code/prym-chabauty-proof/p21_1_reduce.gp	code/earlier-computations/bruin_form_reduce.gp
code/prym-chabauty-proof/p21_1_reduce.out	code/earlier-computations/bruin_form_reduce.out
code/prym-chabauty-proof/p21_21_li_k0_s1_e12.bin	code/earlier-computations/local_images_twist0_e12.bin
code/prym-chabauty-proof/p21_21_li_k0_s1_e3.bin	code/earlier-computations/local_images_twist0_e3.bin
code/prym-chabauty-proof/p21_21_li_k0_s1_e6.bin	code/earlier-computations/local_images_twist0_e6.bin
code/prym-chabauty-proof/p21_21_li_k1_s1_e12.bin	code/earlier-computations/local_images_twist1_e12.bin
code/prym-chabauty-proof/p21_21_li_k1_s1_e3.bin	code/earlier-computations/local_images_twist1_e3.bin
code/prym-chabauty-proof/p21_21_li_k1_s1_e6.bin	code/earlier-computations/local_images_twist1_e6.bin
code/prym-chabauty-proof/p21_22_N84_timing.gp	code/earlier-computations/field_n84.gp
code/prym-chabauty-proof/p21_22_N84_timing.out	code/earlier-computations/field_n84.out
code/prym-chabauty-proof/p21_23_galois_check.gp	code/earlier-computations/field_n84_galois.gp
code/prym-chabauty-proof/p21_23_normrel.g	code/earlier-computations/norm_relation_n84.g
code/prym-chabauty-proof/p21_23_normrel.out	code/earlier-computations/norm_relation_n84.out
code/prym-chabauty-proof/p21_24_clN2.gp	code/earlier-computations/class_group_n84_two.gp
code/prym-chabauty-proof/p21_24_clN2.out	code/earlier-computations/class_group_n84_two.out
code/prym-chabauty-proof/p21_25_lib.gp	code/earlier-computations/norm_relation_lib.gp
code/prym-chabauty-proof/p21_25_normrel_sunits.gp	code/earlier-computations/sunits_n84.gp
code/prym-chabauty-proof/p21_25_normrel_sunits.out	code/earlier-computations/sunits_n84.out
code/prym-chabauty-proof/p21_28_saturate.gp	code/earlier-computations/sunits_n84_saturate.gp
code/prym-chabauty-proof/p21_28_saturate.out	code/earlier-computations/sunits_n84_saturate.out
code/prym-chabauty-proof/p21_29_sellib.gp	code/earlier-computations/prym_two_descent_lib.gp
code/prym-chabauty-proof/p21_29_selmer2.gp	code/earlier-computations/prym_two_descent.gp
code/prym-chabauty-proof/p21_29_selmer2.out	code/earlier-computations/prym_two_descent.out
code/prym-chabauty-proof/p21_2_aut.gp	code/earlier-computations/prym_involution.gp
code/prym-chabauty-proof/p21_31_sigma.gp	code/earlier-computations/sigma_v_injective.gp
code/prym-chabauty-proof/p21_31_sigma.out	code/earlier-computations/sigma_v_injective.out
code/prym-chabauty-proof/p21_34_j2log.gp	code/earlier-computations/genus2_log_kv.gp
code/prym-chabauty-proof/p21_35_rho.gp	code/earlier-computations/selmer_image_v.gp
code/prym-chabauty-proof/p21_35_rho.out	code/earlier-computations/selmer_image_v.out
code/prym-chabauty-proof/p21_36_lattice.gp	code/earlier-computations/chabauty_lattice.gp
code/prym-chabauty-proof/p21_36_lattice.out	code/earlier-computations/chabauty_lattice.out
code/prym-chabauty-proof/p21_37_c2discs.gp	code/earlier-computations/discs_q2.gp
code/prym-chabauty-proof/p21_37_c2discs.out	code/earlier-computations/discs_q2.out
code/prym-chabauty-proof/p21_37_c2discs.txt	code/earlier-computations/discs_q2.txt
code/prym-chabauty-proof/p21_39_lambda.gp	code/earlier-computations/leading_class_explore.gp
code/prym-chabauty-proof/p21_40_export.gp	code/earlier-computations/text_export.gp
code/prym-chabauty-proof/p21_40_export.out	code/earlier-computations/text_export.out
code/prym-chabauty-proof/p21_41_boxes.gp	code/earlier-computations/boxes.gp
code/prym-chabauty-proof/p21_41_boxes_kat2.gp	code/earlier-computations/boxes_kat_random.gp
code/prym-chabauty-proof/p21_41_boxes_kat2.out	code/earlier-computations/boxes_kat_random.out
code/prym-chabauty-proof/p21_41_boxes_kat.gp	code/earlier-computations/boxes_kat.gp
code/prym-chabauty-proof/p21_41_boxes_kat.out	code/earlier-computations/boxes_kat.out
code/prym-chabauty-proof/p21_41_boxes.out	code/earlier-computations/boxes.out
code/prym-chabauty-proof/p21_44_kv.gp	code/earlier-computations/completion_kv.gp
code/prym-chabauty-proof/p21_45_lattice_cert.gp	code/earlier-computations/lattice_cert.gp
code/prym-chabauty-proof/p21_45_lattice_cert.out	code/earlier-computations/lattice_cert.out
code/prym-chabauty-proof/p21_46_centres_cert.gp	code/earlier-computations/centres_cert.gp
code/prym-chabauty-proof/p21_46_centres_cert.out	code/earlier-computations/centres_cert.out
code/prym-chabauty-proof/p21_47_factype.gp	code/earlier-computations/factor_type_kv.gp
code/prym-chabauty-proof/p21_47_factype.out	code/earlier-computations/factor_type_kv.out
code/prym-chabauty-proof/p21_4_kprime.gp	code/earlier-computations/field_kprime.gp
code/prym-chabauty-proof/p21_4_kprime.out	code/earlier-computations/field_kprime.out
code/prym-chabauty-proof/p21_aut.gp	code/earlier-computations/prym_involution_data.gp
code/prym-chabauty-proof/p21_bruin_red.gp	code/earlier-computations/bruin_form.gp
code/prym-chabauty-proof/p21_K13_pol.gp	code/earlier-computations/field_k13_polynomial.gp
code/prym-chabauty-proof/p21_kprime.gp	code/earlier-computations/field_kprime_data.gp
code/prym-chabauty-proof/p21_L_pol.gp	code/earlier-computations/field_l42_polynomial.gp
code/prym-chabauty-proof/p21_N84_pol.gp	code/earlier-computations/field_n84_polynomial.gp
code/prym-chabauty-proof/p21_phi.gp	code/earlier-computations/phi_known_lifts.gp
code/prym-chabauty-proof/p21_richelot_in.gp	code/earlier-computations/richelot_data.gp
code/prym-chabauty-proof/p21_tiny_24.gp	code/earlier-computations/pullback_known_lifts.gp
code/prym-chabauty-proof/prym_fields.gp	code/earlier-computations/prym_fields.gp
code/prym-chabauty-proof/prym_lib.gp	code/earlier-computations/prym_lib.gp
code/prym-chabauty-proof/README.md	code/earlier-computations/README.md
code/README.md	code/README.md
code/rust-tooling/curves/C.txt	code/jacobian-over-q/lpoly/C.txt
code/rust-tooling/rust/Cargo.lock	code/jacobian-over-q/lpoly/Cargo.lock
code/rust-tooling/rust/Cargo.toml	code/jacobian-over-q/lpoly/Cargo.toml
code/rust-tooling/rust/lpoly_C.txt	code/jacobian-over-q/lpoly/lpoly_C.txt
code/rust-tooling/rust/src/bin/lpoly.rs	code/jacobian-over-q/lpoly/src/bin/lpoly.rs
code/selmer-assembly/sa_1_w3rows.lean	code/selmer-assembly/w6_rows_print.lean
code/selmer-assembly/sa_1_w3rows.out	code/selmer-assembly/w6_rows_print.out
code/selmer-assembly/sa_2_data.gp	code/selmer-assembly/assembly_data.gp
code/selmer-assembly/sa_2_data.out	code/selmer-assembly/assembly_data.out
code/selmer-basis/adic_axioms.lean	code/selmer-local-conditions/adic_axioms.lean
code/selmer-basis/adic_axioms.out	code/selmer-local-conditions/adic_axioms.out
code/selmer-basis/adic/sb_7_adic_certs.gp	code/selmer-local-conditions/valuation_certs_w12_w6.gp
code/selmer-basis/adic/sb_7_adic_certs.out	code/selmer-local-conditions/valuation_certs_w12_w6.out
code/selmer-basis/count_1_places.gp	code/selmer-local-conditions/count_local_facts.gp
code/selmer-basis/count_1_places.out	code/selmer-local-conditions/count_local_facts.out
code/selmer-basis/count_1_places.time	code/selmer-local-conditions/count_local_facts.time
code/selmer-basis/count_2_basepts.gp	code/selmer-local-conditions/count_base_points.gp
code/selmer-basis/count_2_basepts.out	code/selmer-local-conditions/count_base_points.out
code/selmer-basis/count_2_basepts.time	code/selmer-local-conditions/count_base_points.time
code/selmer-basis/count_3_localpts.gp	code/selmer-local-conditions/count_local_points.gp
code/selmer-basis/count_3_localpts.out	code/selmer-local-conditions/count_local_points.out
code/selmer-basis/count_3_localpts.time	code/selmer-local-conditions/count_local_points.time
code/selmer-basis/count_4_pts7.gp	code/selmer-local-conditions/count_points_w7.gp
code/selmer-basis/count_4_pts7.out	code/selmer-local-conditions/count_points_w7.out
code/selmer-basis/count_4_pts7.time	code/selmer-local-conditions/count_points_w7.time
code/selmer-basis/count_5_pts7.gp	code/selmer-local-conditions/count_base_point_w7.gp
code/selmer-basis/count_5_pts7.out	code/selmer-local-conditions/count_base_point_w7.out
code/selmer-basis/count_5_pts7.time	code/selmer-local-conditions/count_base_point_w7.time
code/selmer-basis/count_6_alpha.gp	code/selmer-local-conditions/count_base_abscissas.gp
code/selmer-basis/count_6_alpha.out	code/selmer-local-conditions/count_base_abscissas.out
code/selmer-basis/count_6_alpha.time	code/selmer-local-conditions/count_base_abscissas.time
code/selmer-basis/count_7_nonsq.gp	code/selmer-local-conditions/count_square_classes.gp
code/selmer-basis/count_7_nonsq.out	code/selmer-local-conditions/count_square_classes.out
code/selmer-basis/count_7_nonsq.time	code/selmer-local-conditions/count_square_classes.time
code/selmer-basis/count_8_certs.gp	code/selmer-local-conditions/count_certs.gp
code/selmer-basis/count_8_certs.out	code/selmer-local-conditions/count_certs.out
code/selmer-basis/count_8_data.gp	code/selmer-local-conditions/count_lean_data.gp
code/selmer-basis/count_8_data.sh	code/selmer-local-conditions/count_lean_data.sh
code/selmer-basis/count_axioms.lean	code/selmer-local-conditions/count_axioms.lean
code/selmer-basis/count_axioms.out	code/selmer-local-conditions/count_axioms.out
code/selmer-basis/count_axioms_tors.lean	code/selmer-local-conditions/count_axioms_tors.lean
code/selmer-basis/count_axioms_tors.out	code/selmer-local-conditions/count_axioms_tors.out
code/selmer-basis/count_axioms_v.lean	code/selmer-local-conditions/count_axioms_v.lean
code/selmer-basis/count_axioms_v.out	code/selmer-local-conditions/count_axioms_v.out
code/selmer-basis/count_axioms_v_recheck.out	code/selmer-local-conditions/count_axioms_v_recheck.out
code/selmer-basis/count_axioms_w3.lean	code/selmer-local-conditions/count_axioms_w6.lean
code/selmer-basis/count_axioms_w3.out	code/selmer-local-conditions/count_axioms_w6.out
code/selmer-basis/f2probe/sb_6_f2probe.gp	code/formal-proof/f2_echelon_kernel_probe.gp
code/selmer-basis/f2probe/sb_6_f2probe.lean	code/formal-proof/f2_echelon_kernel_probe.lean
code/selmer-basis/f2probe/sb_6_f2probe.out	code/formal-proof/f2_echelon_kernel_probe.out
code/selmer-basis/global_axioms.lean	code/selmer-global-bound/global_axioms.lean
code/selmer-basis/global_axioms.out	code/selmer-global-bound/global_axioms.out
code/selmer-basis/impl2/extract_lean_data.sh	code/second-implementations/schaefer/extract_lean_data.sh
code/selmer-basis/impl2/lean_data.gp	code/second-implementations/schaefer/lean_data.gp
code/selmer-basis/impl2/sch_1_global.gp	code/second-implementations/schaefer/schaefer_global_check.gp
code/selmer-basis/impl2/sch_1_global.out	code/second-implementations/schaefer/schaefer_global_check.out
code/selmer-basis/impl2/sch_2_local_random.gp	code/second-implementations/schaefer/schaefer_local_random.gp
code/selmer-basis/impl2/sch_2_local_random.out	code/second-implementations/schaefer/schaefer_local_random.out
code/selmer-basis/interfaces_axioms2.lean	code/selmer-global-bound/interfaces_axioms2.lean
code/selmer-basis/interfaces_axioms2.out	code/selmer-global-bound/interfaces_axioms2.out
code/selmer-basis/interfaces_axioms.lean	code/selmer-global-bound/interfaces_axioms.lean
code/selmer-basis/interfaces_axioms.out	code/selmer-global-bound/interfaces_axioms.out
code/selmer-basis/local_axioms.lean	code/selmer-local-conditions/local_axioms.lean
code/selmer-basis/local_axioms.out	code/selmer-local-conditions/local_axioms.out
code/selmer-basis/local_axioms_recheck.out	code/selmer-local-conditions/local_axioms_recheck.out
code/selmer-basis/real_axioms.lean	code/selmer-local-conditions/real_axioms.lean
code/selmer-basis/real_axioms.out	code/selmer-local-conditions/real_axioms.out
code/selmer-basis/real_coord_axioms.lean	code/selmer-local-conditions/real_coord_axioms.lean
code/selmer-basis/real_coord_axioms.out	code/selmer-local-conditions/real_coord_axioms.out
code/selmer-basis/real_inst_axioms.lean	code/selmer-local-conditions/real_inst_axioms.lean
code/selmer-basis/real_inst_axioms.out	code/selmer-local-conditions/real_inst_axioms.out
code/selmer-basis/sb_10_lib.gp	code/selmer-local-conditions/w6_kernel_emulation_lib.gp
code/selmer-basis/sb_10_w3.gp	code/selmer-local-conditions/local_data_w6.gp
code/selmer-basis/sb_10_w3.out	code/selmer-local-conditions/local_data_w6.out
code/selmer-basis/sb_11_kernel_probe.lean	code/formal-proof/w6_kernel_probe_full.lean
code/selmer-basis/sb_11_kernel_probe.out	code/formal-proof/w6_kernel_probe_full.out
code/selmer-basis/sb_12_w3_checks.sh	code/selmer-local-conditions/kernel_checks_w6.sh
code/selmer-basis/sb_13_v_rows.gp	code/selmer-local-conditions/v_rows.gp
code/selmer-basis/sb_13_v_rows.out	code/selmer-local-conditions/v_rows.out
code/selmer-basis/sb_1b_models.gp	code/selmer-global-bound/schaefer_bad_models.gp
code/selmer-basis/sb_1b_models.out	code/selmer-global-bound/schaefer_bad_models.out
code/selmer-basis/sb_1c_schaefer_models.gp	code/selmer-global-bound/schaefer_global_models.gp
code/selmer-basis/sb_1c_schaefer_models_k0.out	code/selmer-global-bound/schaefer_global_models_twist0.out
code/selmer-basis/sb_1c_schaefer_models_run1_stackfail.out	code/selmer-global-bound/schaefer_global_models_run1_stackfail.out
code/selmer-basis/sb_1_schaefer_k21.gp	code/selmer-global-bound/schaefer_identities.gp
code/selmer-basis/sb_1_schaefer_k21.out	code/selmer-global-bound/schaefer_identities.out
code/selmer-basis/sb_1_schaefer_local.gp	code/selmer-global-bound/schaefer_local_numeric.gp
code/selmer-basis/sb_1_schaefer_local.out	code/selmer-global-bound/schaefer_local_numeric.out
code/selmer-basis/sb_2_cert_k0_v.gp	code/selmer-local-conditions/selmer_rows_twist0_v.gp
code/selmer-basis/sb_2_cert_k0_w2.gp	code/selmer-local-conditions/selmer_rows_twist0_w12.gp
code/selmer-basis/sb_2_cert_k0_w3.gp	code/selmer-local-conditions/selmer_rows_twist0_w6.gp
code/selmer-basis/sb_2_cert_k1_p7.gp	code/selmer-local-conditions/selmer_rows_twist1_w7.gp
code/selmer-basis/sb_2_cert_k1_v.gp	code/selmer-local-conditions/selmer_rows_twist1_v.gp
code/selmer-basis/sb_2_cert_k1_w2.gp	code/selmer-local-conditions/selmer_rows_twist1_w12.gp
code/selmer-basis/sb_2_cert_k1_w3.gp	code/selmer-local-conditions/selmer_rows_twist1_w6.gp
code/selmer-basis/sb_2_certs.gp	code/selmer-local-conditions/selmer_rows.gp
code/selmer-basis/sb_2_certs_k0_v.out	code/selmer-local-conditions/selmer_rows_twist0_v.out
code/selmer-basis/sb_2_certs_k0_w2.out	code/selmer-local-conditions/selmer_rows_twist0_w12.out
code/selmer-basis/sb_2_certs_k0_w3.out	code/selmer-local-conditions/selmer_rows_twist0_w6.out
code/selmer-basis/sb_2_certs_k1_p7.out	code/selmer-local-conditions/selmer_rows_twist1_w7.out
code/selmer-basis/sb_2_certs_k1_v.out	code/selmer-local-conditions/selmer_rows_twist1_v.out
code/selmer-basis/sb_2_certs_k1_w2.out	code/selmer-local-conditions/selmer_rows_twist1_w12.out
code/selmer-basis/sb_2_certs_k1_w3.out	code/selmer-local-conditions/selmer_rows_twist1_w6.out
code/selmer-basis/sb_2_certs_X.out	code/selmer-local-conditions/selmer_rows_kernel.out
code/selmer-basis/sb_3_places.gp	code/selmer-local-conditions/selmer_bound_subsets.gp
code/selmer-basis/sb_3_places.out	code/selmer-local-conditions/selmer_bound_subsets.out
code/selmer-basis/sb_3_places.time	code/selmer-local-conditions/selmer_bound_subsets.time
code/selmer-basis/sb_4_probe.lean	code/formal-proof/schaefer_kernel_probe.lean
code/selmer-basis/sb_4_probe.out	code/formal-proof/schaefer_kernel_probe.out
code/selmer-basis/sb_4_schaefer_certs.gp	code/selmer-global-bound/schaefer_certs.gp
code/selmer-basis/sb_4_schaefer_certs.out	code/selmer-global-bound/schaefer_certs.out
code/selmer-basis/sb_5a_tower.gp	code/selmer-global-bound/tower.gp
code/selmer-basis/sb_5a_tower.out	code/selmer-global-bound/tower.out
code/selmer-basis/sb_5b_gens.gp	code/selmer-global-bound/sunit_generators.gp
code/selmer-basis/sb_5b_gens.out	code/selmer-global-bound/sunit_generators.out
code/selmer-basis/sb_5c_pgen.gp	code/selmer-global-bound/pgen_polynomials.gp
code/selmer-basis/sb_5c_pgen.out	code/selmer-global-bound/pgen_polynomials.out
code/selmer-basis/sb_5d_chars.gp	code/selmer-global-bound/residue_characters.gp
code/selmer-basis/sb_5d_chars.out	code/selmer-global-bound/residue_characters.out
code/selmer-basis/sb_5e_selmer.gp	code/selmer-global-bound/selmer_space_new_generators.gp
code/selmer-basis/sb_5e_selmer.out	code/selmer-global-bound/selmer_space_new_generators.out
code/selmer-basis/sb_5f_fields.gp	code/selmer-global-bound/field_caches.gp
code/selmer-basis/sb_5f_fields.out	code/selmer-global-bound/field_caches.out
code/selmer-basis/sb_5_gens_data.gp	code/selmer-global-bound/sunit_generators_data.gp
code/selmer-basis/sb_5_lib.gp	code/selmer-global-bound/tower_lib.gp
code/selmer-basis/sb_5s_salvage.gp	code/selmer-global-bound/sunit_generators_recover.gp
code/selmer-basis/sb_5s_salvage.out	code/selmer-global-bound/sunit_generators_recover.out
code/selmer-basis/sb_5_sunits_export.gp	code/selmer-global-bound/sunit_export_data.gp
code/selmer-basis/sb_5t_muT.gp	code/selmer-global-bound/mu_t_cert.gp
code/selmer-basis/sb_5t_muT.out	code/selmer-global-bound/mu_t_cert.out
code/selmer-basis/sb_5w_install.out	code/selmer-global-bound/sunit_data_install.out
code/selmer-basis/sb_5w_install.sh	code/selmer-global-bound/sunit_data_install.sh
code/selmer-basis/sb_5w_lean.gp	code/selmer-global-bound/sunit_data_lean.gp
code/selmer-basis/sb_5w_lean.out	code/selmer-global-bound/sunit_data_lean.out
code/selmer-basis/sb_5x_export.gp	code/selmer-global-bound/sunit_export.gp
code/selmer-basis/sb_5x_export.out	code/selmer-global-bound/sunit_export.out
code/selmer-basis/sb_6_real_roots.gp	code/selmer-local-conditions/real_roots.gp
code/selmer-basis/sb_6_real_roots.out	code/selmer-local-conditions/real_roots.out
code/selmer-basis/sb_6_real_roots.time	code/selmer-local-conditions/real_roots.time
code/selmer-basis/sb_8_w3.gp	code/selmer-local-conditions/local_certs_w6.gp
code/selmer-basis/sb_8_w3.out	code/selmer-local-conditions/local_certs_w6.out
code/selmer-basis/sb_8_wmodel.gp	code/selmer-local-conditions/w_component_models.gp
code/selmer-basis/sb_8_wmodel.out	code/selmer-local-conditions/w_component_models.out
code/selmer-basis/sb_9_kernel_probe_all.lean	code/formal-proof/w6_kernel_probe_first.lean
code/selmer-basis/sb_9_kernel_probe_all.out	code/formal-proof/w6_kernel_probe_first.out
code/selmer-basis/sb_9_kernel_probe.lean	code/formal-proof/w6_kernel_probe.lean
code/selmer-basis/sb_9_kernel_probe.out	code/formal-proof/w6_kernel_probe.out
code/selmer-basis/sb_lib.gp	code/selmer-local-conditions/selmer_rows_lib.gp
code/selmer-basis/sb_ref_real.gp	code/selmer-local-conditions/real_places_check.gp
code/selmer-basis/sb_ref_real.out	code/selmer-local-conditions/real_places_check.out
code/selmer-basis/sb_ref_real.time	code/selmer-local-conditions/real_places_check.time
code/selmer-basis/sunit_axioms.lean	code/selmer-global-bound/sunit_axioms.lean
code/selmer-basis/sunit_axioms.out	code/selmer-global-bound/sunit_axioms.out
code/selmer-basis/sunit_axioms_recheck.out	code/selmer-global-bound/sunit_axioms_recheck.out
code/selmer-basis/sunit_count_certs.gp	code/selmer-global-bound/sunit_count_certs.gp
code/selmer-basis/sunit_count_certs.out	code/selmer-global-bound/sunit_count_certs.out
code/selmer-basis/sunit_lean2gp.sh	code/selmer-global-bound/sunit_lean2gp.sh
code/selmer-basis/sunit_leandata.gp	code/selmer-global-bound/sunit_leandata.gp
code/selmer-basis/tower_checks_gen.sh	code/selmer-global-bound/tower_checks_gen.sh
code/selmer-basis/wcert_axioms.lean	code/selmer-local-conditions/wcert_axioms.lean
code/selmer-basis/wcert_axioms.out	code/selmer-local-conditions/wcert_axioms.out
code/selmer-basis/wgen_axioms.lean	code/selmer-local-conditions/wgen_axioms.lean
code/selmer-basis/wgen_axioms.out	code/selmer-local-conditions/wgen_axioms.out
code/selmer-basis/wmodel_axioms.lean	code/selmer-local-conditions/wmodel_axioms.lean
code/selmer-basis/wmodel_axioms.out	code/selmer-local-conditions/wmodel_axioms.out
code/selmer-kappa/kappa_axioms.lean	code/selmer-assembly/kappa_axioms.lean
code/selmer-kappa/kappa_axioms.out	code/selmer-assembly/kappa_axioms.out
code/selmer-kappa/sk_1_data.gp	code/selmer-assembly/kappa_data.gp
code/selmer-kappa/sk_1_data.out	code/selmer-assembly/kappa_data.out
code/selmer-kappa/sk_2_checks.sh	code/selmer-assembly/kernel_checks_kappa.sh
code/selmer-p7/at7_1_pow.gp	code/selmer-local-conditions/count_square_powers_w7.gp
code/selmer-p7/at7_1_pow.out	code/selmer-local-conditions/count_square_powers_w7.out
code/selmer-p7/at7_axioms.lean	code/selmer-local-conditions/w7_count_axioms.lean
code/selmer-p7/at7_axioms.out	code/selmer-local-conditions/w7_count_axioms.out
code/selmer-p7/probe/probe_run.out	code/selmer-local-conditions/kernel_probe_w7.out
code/selmer-p7/sp7_1_data.gp	code/selmer-local-conditions/local_data_w7.gp
code/selmer-p7/sp7_1_data.out	code/selmer-local-conditions/local_data_w7.out
code/selmer-p7/sp7_2_lean.gp	code/selmer-local-conditions/lean_data_w7.gp
code/selmer-p7/sp7_2_lean.out	code/selmer-local-conditions/lean_data_w7.out
code/selmer-p7/sp7_3_checks.sh	code/selmer-local-conditions/kernel_checks_w7.sh
code/selmer-p7/sp7_4_build.out	code/selmer-local-conditions/lean_build_w7.out
code/selmer-p7/sp7_4_build.sh	code/selmer-local-conditions/lean_build_w7.sh
code/selmer-p7/sp7_5_timing.out	code/selmer-local-conditions/lean_timing_w7.out
code/selmer-p7/sp7_5_timing.sh	code/selmer-local-conditions/lean_timing_w7.sh
code/selmer-p7/sp7_6_axioms.lean	code/selmer-local-conditions/w7_place_axioms.lean
code/selmer-p7/sp7_6_axioms.out	code/selmer-local-conditions/w7_place_axioms.out
code/selmer-p7/sp7_6_final.out	code/selmer-local-conditions/final_check_w7.out
code/selmer-p7/sp7_6_final.sh	code/selmer-local-conditions/final_check_w7.sh
code/selmer-p7/sp7_axioms.lean	code/selmer-local-conditions/w7_checks_axioms.lean
code/selmer-p7/sp7_axioms.out	code/selmer-local-conditions/w7_checks_axioms.out
code/selmer-p7/sp7_probe.sh	code/selmer-local-conditions/kernel_probe_w7.sh
code/selmer-real-signs/sr_1_data.gp	code/selmer-local-conditions/local_data_real.gp
code/selmer-real-signs/sr_1_data.out	code/selmer-local-conditions/local_data_real.out
code/selmer-real-signs/sr_2_checks.sh	code/selmer-local-conditions/kernel_checks_real.sh
code/selmer-real-signs/sr_axioms.lean	code/selmer-local-conditions/real_signs_axioms.lean
code/selmer-real-signs/sr_axioms.out	code/selmer-local-conditions/real_signs_axioms.out
code/selmer-v/sv_1_data.gp	code/selmer-local-conditions/local_data_v.gp
code/selmer-v/sv_1_data.out	code/selmer-local-conditions/local_data_v.out
code/selmer-v/sv_2_checks.sh	code/selmer-local-conditions/kernel_checks_v.sh
code/selmer-v/sv_3_split.sh	code/selmer-local-conditions/split_lean_data.sh
code/selmer-v/v_axioms.lean	code/selmer-local-conditions/v_axioms.lean
code/selmer-v/v_axioms.out	code/selmer-local-conditions/v_axioms.out
code/selmer-w2/sw_0_count.gp	code/selmer-local-conditions/count_certs_w12.gp
code/selmer-w2/sw_0_count.out	code/selmer-local-conditions/count_certs_w12.out
code/selmer-w2/sw2_1_data.gp	code/selmer-local-conditions/local_data_w12.gp
code/selmer-w2/sw2_1_data.out	code/selmer-local-conditions/local_data_w12.out
code/selmer-w2/sw2_2_checks.sh	code/selmer-local-conditions/kernel_checks_w12.sh
code/selmer-w2/sw2_axioms.lean	code/selmer-local-conditions/w12_checks_axioms.lean
code/selmer-w2/sw2_axioms.out	code/selmer-local-conditions/w12_checks_axioms.out
code/selmer-w2/sw_axioms_count.lean	code/selmer-local-conditions/w12_count_axioms.lean
code/selmer-w2/sw_axioms_count.out	code/selmer-local-conditions/w12_count_axioms.out
code/selmer-w2/sw_axioms_glue.lean	code/selmer-local-conditions/w12_glue_axioms.lean
code/selmer-w2/sw_axioms_glue.out	code/selmer-local-conditions/w12_glue_axioms.out
code/selmer-w2/sw_axioms_place.lean	code/selmer-local-conditions/w12_place_axioms.lean
code/selmer-w2/sw_axioms_place.out	code/selmer-local-conditions/w12_place_axioms.out
code/two-descent/impl2/refut2D_10_elem.gp	code/second-implementations/two-descent/local_image_2_elementary.gp
code/two-descent/impl2/refut2D_10_elem.out	code/second-implementations/two-descent/local_image_2_elementary.out
code/two-descent/impl2/refut2D_1_geom.dat	code/second-implementations/two-descent/geometry_check.dat
code/two-descent/impl2/refut2D_1_geom.gp	code/second-implementations/two-descent/geometry_check.gp
code/two-descent/impl2/refut2D_1_geom.out	code/second-implementations/two-descent/geometry_check.out
code/two-descent/impl2/refut2D_2_galois.out	code/second-implementations/two-descent/galois_group_check.out
code/two-descent/impl2/refut2D_2_galois.sage	code/second-implementations/two-descent/galois_group_check.sage
code/two-descent/impl2/refut2D_2_module.g	code/second-implementations/two-descent/galois_module_check.g
code/two-descent/impl2/refut2D_2_module.out	code/second-implementations/two-descent/galois_module_check.out
code/two-descent/impl2/refut2D_3_arith.dat	code/second-implementations/two-descent/algebra_arithmetic_check.dat
code/two-descent/impl2/refut2D_3_arith.gp	code/second-implementations/two-descent/algebra_arithmetic_check.gp
code/two-descent/impl2/refut2D_3_arith.out	code/second-implementations/two-descent/algebra_arithmetic_check.out
code/two-descent/impl2/refut2D_4b_divisors.gp	code/second-implementations/two-descent/local_image_2_divisors.gp
code/two-descent/impl2/refut2D_4b_divisors.out	code/second-implementations/two-descent/local_image_2_divisors.out
code/two-descent/impl2/refut2D_4_local2.dat	code/second-implementations/two-descent/local_image_2_check.dat
code/two-descent/impl2/refut2D_4_local2.gp	code/second-implementations/two-descent/local_image_2_check.gp
code/two-descent/impl2/refut2D_4_local2.out	code/second-implementations/two-descent/local_image_2_check.out
code/two-descent/impl2/refut2D_5_selmer.dat	code/second-implementations/two-descent/fake_selmer_group_check.dat
code/two-descent/impl2/refut2D_5_selmer.gp	code/second-implementations/two-descent/fake_selmer_group_check.gp
code/two-descent/impl2/refut2D_5_selmer.out	code/second-implementations/two-descent/fake_selmer_group_check.out
code/two-descent/impl2/refut2D_6_images.gp	code/second-implementations/two-descent/known_classes_images_check.gp
code/two-descent/impl2/refut2D_6_images.out	code/second-implementations/two-descent/known_classes_images_check.out
code/two-descent/impl2/refut2D_7_goodred.out	code/second-implementations/two-descent/good_reduction_check.out
code/two-descent/impl2/refut2D_7_goodred.sing	code/second-implementations/two-descent/good_reduction_check.sing
code/two-descent/impl2/refut2D_8_sanity.gp	code/second-implementations/two-descent/local_images_7_inf_check.gp
code/two-descent/impl2/refut2D_8_sanity.out	code/second-implementations/two-descent/local_images_7_inf_check.out
code/two-descent/impl2/refut2D_9_fl.gp	code/second-implementations/two-descent/divisor_r_comparison.gp
code/two-descent/impl2/refut2D_9_fl.out	code/second-implementations/two-descent/divisor_r_comparison.out
code/two-descent/twodesc_1_galois.gp	code/jacobian-over-q/two_descent_algebra.gp
code/two-descent/twodesc_1_galois.out	code/jacobian-over-q/two_descent_algebra.out
code/two-descent/twodesc_1_module.g	code/jacobian-over-q/two_descent_galois_module.g
code/two-descent/twodesc_1_module.out	code/jacobian-over-q/two_descent_galois_module.out
code/two-descent/twodesc_2_goodred.out	code/jacobian-over-q/good_reduction.out
code/two-descent/twodesc_2_goodred.sing	code/jacobian-over-q/good_reduction.sing
code/two-descent/twodesc_3_local.gp	code/jacobian-over-q/two_descent_local_images.gp
code/two-descent/twodesc_3_local.out	code/jacobian-over-q/two_descent_local_images.out
code/two-descent/twodesc_4_global.gp	code/jacobian-over-q/fake_selmer_group.gp
code/two-descent/twodesc_4_global.out	code/jacobian-over-q/fake_selmer_group.out
code/two-descent/twodesc_5_cross.gp	code/jacobian-over-q/known_classes_images.gp
code/two-descent/twodesc_5_cross.out	code/jacobian-over-q/known_classes_images.out
code/two-descent/twodesc_6_checks.gp	code/jacobian-over-q/square_class_map_checks.gp
code/two-descent/twodesc_6_checks.out	code/jacobian-over-q/square_class_map_checks.out
code/two-descent/twodesc_lib.gp	code/jacobian-over-q/two_descent_lib.gp
